asn,asn_org,ip_count,prefix_count,provider_count,country_count,countries
212238,CDNEXT,5194,528,21,37,AT AU BG CA CH CL CO DE DK ES FR GB GR HK HR HU IE IL IT JP MX MY NG NL NO PE PL PT RO SE SG SK TR UA UK US ZA
9009,M247,3736,664,47,22,AE AT BE BG BR CA CZ DE DK ES FR GB HK HU IE IT NL NO RO RS UK US
62651,NETPROTECT-62651,3190,79,3,1,US
62240,CLOUVIDER Clouvider - Global ASN,2840,101,10,3,GB UK US
136787,PACKETHUBSA-AS-AP PacketHub S.A.,1153,99,1,1,PA
137409,GSLNETWORKS-AS-AP GSL Networks Pty LTD,1014,147,11,6,AU NL OM PH SG US
60068,CDN77 _,798,155,21,14,AU CH CZ GB GR HK IT JP PL SE SG SK UK US
174,COGENT-174,772,53,9,4,CA CZ DE US
25369,BANDWIDTH-AS,671,58,10,5,CH FR GB NL UK
147049,PACKETHUBSA-AS-AP PacketHub S.A.,650,30,1,1,AU
140952,"STL-AS-AP Strong Technology, LLC",564,13,3,1,US
22781,STRTEC,563,71,3,1,US
36352,AS-COLOCROSSING,496,237,16,1,US
141039,PACKETHUBSA-AS-AP PacketHub S.A.,383,19,1,1,PA
11878,TZULO,345,94,7,1,US
207137,PACKETHUBSA,343,22,1,1,PA
49453,GLOBALLAYER,337,10,3,2,BE NL
16276,OVH,288,150,27,5,AU CA FR PL SG
62904,AS62904 - Eonix Corporation,280,10,6,1,US
39287,ABSTRACT,241,16,1,1,RO
21859,ZEN-ECN,227,52,11,4,ID MY PH US
20473,AS-VULTR,221,116,15,1,US
396356,LATITUDE-SH,212,37,17,4,BR CL MX US
46844,SHARKTECH,203,18,5,1,US
42708,GLESYS glesys.com,192,27,18,3,DK FI SE
14061,DIGITALOCEAN-ASN,189,168,17,3,IN NL US
136258,"ONEPROVIDER-AS BrainStorm Network, Inc",177,65,12,27,AU BG CA CH CY CZ DE EU FL FR GB IN IT JP MY NA NL PK PL PT RU SE SG TW UA US VN
203020,HOSTROYALE,168,41,13,11,BR CY EE ES FR IN LU MT PT UK US
42831,"UKSERVERS-AS UK Dedicated Servers, Hosting and Co-Location",154,48,19,1,GB
32489,AMANAHA-NEW,149,20,15,1,CA
136557,HOST-AS-AP Host Universal Pty Ltd,134,27,14,2,AU NZ
206804,ESTNOC-GLOBAL,132,22,11,1,EE
54203,NETPROTECT-SP,126,2,2,1,US
0,,124,47,14,20,AM AU BR CA CN DE EG GB HK IN IT JP MU RO RU SG TR UA US ZA
262287,Latitude.sh LTDA,123,20,12,1,BR
209854,CYBERZONEHUB,119,65,1,58,AD AL AM AR AU AZ BA BD BN BO BS BT BZ CA CR DE DZ EC EG ES FI GE GH GL HK ID IM IN IS KH KR KZ LA LI LK LT MA MC MD ME MK MM MN MO MY NP PA PH PK PR PY SA TW US UY UZ VE VN
206092,SECFIREWALLAS,118,32,2,2,CY IT
3223,VOXILITY,115,12,6,2,GB UK
55286,SERVER-MANIA,112,10,5,1,CA
13213,UK2NET-AS,111,26,13,5,DE FR GB NL US
13737,AS-INCX,110,7,7,1,US
22363,PHMGMT-AS1,108,54,2,1,US
43350,NFORCE,108,14,8,1,NL
51430,ALTUS,105,12,14,2,BG NL
209847,THE,101,65,8,13,BE BR CL ES GR IE IS LI LU MY NL PT TR
12876,Online SAS,96,54,22,1,FR
8560,"IONOS-AS This is the joint network for IONOS, Fasthosts, Arsys, 1&1 Mail and Media and 1&1 Telecom. Formerly known as 1&1 Internet SE.",92,85,3,1,DE
34343,BIP-AS BIP Backbone ASN,89,12,1,1,NL
39351,ESAB-AS,88,20,1,1,SE
24940,HETZNER-AS,82,67,6,2,DE FI
42675,OBEHOSTING Obehosting AB,81,11,3,1,SE
40676,AS40676 - Psychz Networks,79,30,13,1,US
132372,GBNETWORK-AS-AP GB Network Solutions Sdn. Bhd.,78,20,5,9,AF BN BR EG MY PA RU TW VN
13926,NETPROTECT-PHX,76,2,3,1,US
63023,AS-GLOBALTELEHOST,75,23,12,2,GB US
41564,AS41564,70,11,6,1,GB
63949,AKAMAI-LINODE-AP Akamai Connected Cloud,67,56,3,8,AU CA DE GB IN JP SG US
36351,SOFTLAYER,64,13,2,1,US
43289,TRABIA,63,12,13,1,MD
61272,IST-AS,59,10,7,1,LT
20278,NEXEON,57,21,4,1,US
63018,DEDICATED,57,9,6,1,US
63473,HOSTHATCH,57,31,6,7,AT AU JP NO SE SG US
58065,PACKETEXCHANGE,55,8,6,2,ES GB
6939,HURRICANE,55,14,2,1,US
51765,CREANOVA-AS Oy Creanova Hosting Solutions Ltd.,52,11,15,1,FI
51852,PLI-AS,52,18,17,2,CH PA
30058,FDCSERVERS,50,28,6,2,NL US
60781,LEASEWEB-NL-AMS-01 Netherlands,50,23,14,1,NL
133480,INT-5GN-AS-AP 5G NETWORK OPERATIONS PTY LTD,49,13,9,1,AU
20860,IOMART-AS,49,36,13,2,GB UK
197706,"KEMINET A datacenter located in TiranaAlbania. Webhosting, Dedicated Servers, VPS, IPv4IPv6 leasing",48,6,11,1,AL
46475,LIMESTONENETWORKS,48,23,9,1,US
393423,NTT-GLOBAL-DATA-CENTERS-AMERICA-INC,46,2,1,1,US
205467,BASEIP-LAX,44,6,1,1,NL
62744,QUINTEX,44,2,1,1,US
395954,LEASEWEB-USA-LAX,43,12,5,1,US
45102,"ALIBABA-CN-NET Alibaba US Technology Co., Ltd.",41,40,3,2,CN PH
29066,VELIANET-AS velia.net Internetdienste GmbH,40,21,5,1,DE
3462,HINET Data Communication Business Group,40,21,4,1,TW
49981,WORLDSTREAM,40,27,4,1,NL
6206,NETROUTING-AS,40,9,4,1,NL
42201,PVDATANET,39,11,1,9,CA DE ES FR IN IT NL SE US
205016,HERNLABS,38,3,1,1,SE
40861,PARAD-40-ASN,38,8,2,1,US
32097,WII,36,7,4,1,US
51815,TEKNIKBYRAN,36,1,1,1,SE
49683,MASSIVEGRID,35,22,2,1,GB
133752,LEASEWEB-APAC-HKG-10 LEASEWEB HONG KONG LIMITED,34,10,11,1,HK
61112,AkileCloud Network,34,23,1,1,GB
207990,HR-CUSTOMER,33,3,5,3,IN SI US
45179,SITEHOST-AS-AP SiteHost New Zealand,32,2,2,1,NZ
22612,NAMECHEAP-NET,31,1,1,1,US
394256,CLOUDSINGULARITY,31,3,4,1,CA
396362,LEASEWEB-USA-NYC,31,7,2,1,US
58325,BANDWIDTH-ASIA,31,4,2,1,GB
138915,KAOPU-HK Kaopu Cloud HK Limited,30,24,7,10,AG BR HK JP KR PH SA TH UK VN
3257,GTT-BACKBONE GTT,30,9,4,2,CA US
52423,Data Miners S.A.  Racknation.cr,29,3,9,1,CR
11831,ESECUREDATA,28,7,11,1,CA
34305,BASEIP,28,4,1,1,NL
52048,RIXHOST,27,7,3,1,LV
4766,KIXS-AS-KR Korea Telecom,26,22,4,1,KR
27411,LEASEWEB-USA-CHI,25,9,2,1,US
46450,PILOT,25,7,2,1,US
56971,AS56971 AS56971 Cloud,25,21,2,2,HK NL
215540,GCS-AS,24,20,3,1,GB
44679,BINBOX-GLOBAL-SERVICES,24,2,1,1,RO
45899,VNPT-AS-VN VNPT Corp,24,6,3,1,VN
57169,EDIS-AS-EU,24,12,8,4,AT BE NL RU
18779,EGIHOSTING,23,5,2,1,US
43357,OWL Owl Limited,23,8,2,1,VU
39486,HOSTROYALE,22,4,3,3,FR IN PT
396190,LEASEWEB-USA-SEA,22,8,4,1,US
45382,EHOSTIDC-AS-KR Hostcenter,22,9,11,1,KR
56630,MELBICOM-EU-AS Melbikomas UAB,22,7,4,2,LT LV
204957,GREENFLOID-AS,21,12,3,2,PL US
24961,MYLOC-AS IP Backbone of WIIT AG formerly myLoc managed IT AG,21,13,9,1,DE
263812,SONDATECH S.A.S.,21,7,1,1,AR
35758,HQSERV_NETWORKS,21,4,8,1,IL
4785,XTOM-AS-JP xTom,21,2,3,1,JP
48011,DIGITURUNC,21,2,2,1,TR
16509,AMAZON-02,20,8,2,1,US
199524,GCORE,20,11,7,3,IL KR LU
209103,PROTONVPN,20,4,1,1,CH
33083,AXCELX-NET,20,4,4,1,US
394380,LEASEWEB-USA-DAL,20,7,2,1,US
49367,ASSEFLOW,20,9,9,1,IT
214677,DELUXHOST,19,12,2,2,IT NL
397373,H4Y-TECHNOLOGIES,19,6,3,1,US
55720,GIGABIT-MY Gigabit Hosting Sdn Bhd,19,7,5,1,MY
199218,PROTONVPN-2,18,5,1,1,CH
28753,LEASEWEB-DE-FRA-10,18,8,4,1,DE
33387,NOCIX,18,9,8,1,US
47100,WITOPIA-AS1,18,2,1,1,US
51905,CWCS-VM CompuWeb Communications Services Ltd,18,8,1,1,GB
53356,FREE RANGE CLOUD,18,5,2,1,CA
60592,GRANSY Gransy s.r.o. gransy.com,18,2,1,1,CZ
9008,ASN-VO Visual Online S.A. Luxembourg,18,2,5,1,LU
205119,TELEKS-,17,2,4,1,MK
22439,PERFECT-INTERNATIONAL,17,4,2,1,US
23470,RELIABLESITE,17,13,5,1,US
32181,ASN-GIGENET,17,6,3,1,US
41745,FORTIS-AS Hosting services,17,15,2,2,DE RU
46562,PERFORMIVE,17,6,4,1,US
50304,BLIX,17,5,4,1,NO
51747,INTERNETBOLAGET,17,1,1,1,SE
7040,NETMINDERS,17,5,4,1,CA
1299,"TWELVE99 Arelion, fka Telia Carrier",16,6,3,3,DK GB SE
133398,TELE-AS Tele Asia Limited,16,3,6,1,HK
29838,AMC,16,4,1,1,US
36599,SOFTETHER-AMERICA,16,1,1,1,US
150249,IDNIC-ATHARVA-AS-ID PT Atharva Telematika Persada,15,3,1,1,ID
197155,ARTNET,15,6,7,1,PL
198890,MADCOM-ASN,15,2,3,1,AL
210538,KEYUBU,15,3,1,1,TR
215567,NETVAY,15,3,1,1,TR
21743,ANL-36,15,1,1,1,US
29889,FSNET-1,15,4,5,1,US
3258,XTOM-JAPAN xTom Japan Corporation,15,4,3,1,JP
36666,GTCOMM,15,10,9,1,CA
47516,DEHOST-INTERNET-VE-BILISIM-TEKNOLOJILERI-SAN-TIC-LTD-STI DEHOST INTERNET VE BILISIM TEKNOLOJILERI SANAYI TICARET LIMITED SIRKETI,15,3,1,1,TR
53850,GORILLASERVERS,15,7,2,1,US
5606,GTS-BACKBONE GTS Telecom,15,1,1,1,RO
58212,DATAFOREST,15,1,1,1,DE
62563,AS-GLOBALTELEHOST,14,5,8,1,CA
132335,LEAPSWITCH-IN-AS-AP LEAPSWITCH NETWORKS PRIVATE LIMITED,13,2,3,1,IN
202422,GHOST,13,11,7,2,LU TR
3170,VELOXSERV,13,5,4,2,GB UK
397423,TIER-NET,13,8,3,1,US
47890,UNMANAGED-DEDICATED-SERVERS,13,2,1,1,GB
53667,PONYNET,13,13,3,3,CH LU US
55081,24SHELLS,13,5,1,1,US
60464,SUPERNET-UK,13,3,1,1,GB
62564,LINVEO-LLC,13,3,2,1,US
8849,MELBICOM-EU-AS Melbikomas UAB,13,7,5,1,LT
146943,TIER4CLOU-AS Tier 4 Cloud Services,12,3,2,1,IN
15626,GF-UA,12,5,3,2,UA US
19148,LEASEWEB-USA-PHX,12,4,3,1,US
200651,FLOKINET,12,3,3,1,IS
202759,FAIRYHOSTING,12,4,5,1,EE
37153,xneelo,12,9,8,1,ZA
399646,DARTNODE,12,8,3,1,US
42926,RADORE,12,4,6,1,TR
50867,ORG-LVA15-AS,12,4,2,1,NL
59253,LEASEWEB-APAC-SIN-11 LEASEWEB SINGAPORE PTE. LTD.,12,6,4,1,SG
21130,IOMART-IE,11,3,6,1,GB
26388,FIBERFI,11,2,2,1,US
30475,WEHOSTWEBSITES-COM,11,3,2,1,US
31034,ARUBA-ASN,11,8,4,1,IT
37684,ANGANI-AS,11,1,1,1,KE
399275,SOLID,11,5,2,1,US
6698,VIRTUALSYSTEMS,11,5,8,1,UA
7979,SERVERS-COM,11,7,6,2,LU US
208483,WERIDATA-LLC,10,2,1,1,US
2516,KDDI KDDI CORPORATION,10,10,1,1,JP
29802,HVC-AS,10,5,4,1,US
34989,SERVETHEWORLD-AS,10,8,6,1,NO
399804,HOSTODO,10,4,1,1,US
47540,WIPAK-AS,10,1,1,1,DE
50613,THORDC-AS,10,5,7,1,IS
54600,PEG-SV,10,3,2,1,US
7203,LEASEWEB-USA-SFO,10,4,3,1,US
142002,SCLOUDPTELTD-AS Scloud Pte Ltd,9,2,1,1,SG
204044,ONLYSERVERS Dedicated Server Hosting Provider,9,2,3,1,GB
206264,AMARUTU-TECHNOLOGY,9,5,3,2,HK SC
209641,I-SERVERS-EAST,9,9,1,1,GB
213737,DEXDC,9,2,1,1,GB
24768,ALMOUROLTEC,9,6,6,1,PT
26383,ASNET,9,9,4,3,FI RO US
37611,AFRIHOST-SP,9,4,1,1,ZA
396073,MAJESTIC-HOSTING-01,9,4,2,1,US
397540,WINDSCRIBE,9,2,1,1,AQ
399498,PRIVATE-NETWORKS,9,1,1,1,US
45839,SHINJIRU-MY-AS-AP Shinjiru Technology Sdn Bhd,9,3,6,1,MY
46664,VDI-NETWORK,9,3,1,1,US
56309,"SIAMDATA-TH Siamdata Communication Co.,Ltd.",9,5,2,1,TH
59729,ITL-BG,9,6,3,2,BG US
60458,ASN-XTUDIONET,9,1,4,1,ES
61138,ZAPPIE-HOST-AS Zappie Host,9,3,4,1,US
7393,CYBERCON,9,2,1,1,US
9318,SKB-AS SK Broadband Co Ltd,9,7,3,1,KR
1257,TELE2,8,3,4,2,EE EU
14315,1GSERVERS,8,2,1,1,US
200698,GLOBALHOST-BOSNIA-AS,8,4,3,1,BA
20454,SSASN2,8,5,3,1,US
210772,NEWPUSH,8,3,2,1,HU
2856,BT-UK-AS BTnet UK Regional network,8,1,1,1,GB
29302,HSI-EUROPE,8,3,3,2,GB US
31898,ORACLE-BMC-31898,8,8,2,1,US
34081,SERVER24-AS INCUBATEC GmbH - Srl,8,1,4,1,IT
34689,HOSTEROID,8,3,1,1,RO
49532,SERVERHUB-NL,8,2,1,1,US
61207,ILAIT,8,1,1,1,SE
64200,VIVIDHOSTING,8,1,1,1,US
64249,ENDOFFICE,8,3,3,1,US
12389,ROSTELECOM-AS PJSC Rostelecom. Technical Team,7,7,2,1,RU
134677,IDC-AS-AP Dromatics Systems Pte Ltd,7,3,1,1,SG
140599,COMFACCORPORATION-AS-AP COMFAC CORPORATION,7,5,2,1,PH
17676,GIGAINFRA SoftBank Corp.,7,7,1,1,JP
18978,ENZUINC-,7,4,4,1,US
202425,INT-NETWORK,7,4,2,1,SC
216329,CENTAURUS_AGENA3000,7,1,1,1,FR
25467,AKTON-AS Akton Autonomous System,7,3,2,1,SI
30083,AS-30083-US-VELIA-NET,7,5,3,1,DE
3214,XTOM xTom GmbH,7,4,2,1,DE
3216,SOVAM-AS,7,1,2,1,RU
395111,KVCNET-2009,7,2,1,1,US
397032,SPARKED,7,4,2,1,US
40156,THEOPT-HOU,7,4,4,1,US
50979,ITL-LV,7,4,3,2,LV US
59787,WEBHS WEBSP LDA,7,3,3,1,PT
61102,INTERHOST,7,3,4,1,IL
61317,ASDETUK www.heficed.com,7,6,6,1,US
6866,CYTA-NETWORK Internet Services,7,2,2,1,CY
9123,TIMEWEB-AS,7,6,2,1,RU
134094,"SERVERFIELD-AS Serverfield Co., Ltd.",6,3,3,2,TR TW
139057,ELD-AS-AP Edgenext Legend Dynasty Pte. Ltd.,6,2,1,1,SG
149020,WEBHORIZON-AS-AP WebHorizon Internet Services,6,6,2,1,SG
15805,SKYNET-CY-AS,6,2,1,1,CY
18747,IFX18747,6,6,2,5,AR CL MX PA US
201201,DATALOGISTICS,6,2,1,1,LT
24863,LINKdotNET-AS,6,2,1,1,EG
25780,HUGESERVER-NETWORKS,6,2,1,1,US
26042,FIBERSTATE,6,3,2,1,US
26286,MYSTICDEVIO,6,1,1,1,US
268581,QNAX LTDA,6,3,4,1,BR
27823,Dattatec.com,6,5,2,1,AR
30860,YURTEH-AS,6,3,3,1,UA
398779,ACEHOST,6,2,1,1,US
401486,RAVNIX,6,3,1,1,US
42422,SECURITYNET-AS,6,4,2,1,CZ
44709,CLOUDWEBMANAGE-,6,4,4,1,IL
47447,TTM,6,3,2,1,DE
47810,PROSERVICE,6,2,3,1,GE
48894,OPTIMUS-AS,6,2,3,1,SI
51167,CONTABO,6,6,1,1,DE
54133,UNMETERED,6,1,1,1,CA
54643,IDIGITAL,6,2,6,1,CA
56067,METRABYTE-TH 453 Ladplacout Jorakhaebua,6,2,2,1,TH
56322,SERVERASTRA-AS,6,5,4,1,HU
56655,GIGAHOST,6,2,5,1,NO
61493,InterBS S.R.L. BAEHOST,6,2,2,1,AR
7201,AS-NETWORKEDGE,6,1,1,1,US
13445,WEBEX,5,1,1,1,US
142036,HOSTEONS-AS-AP Hosteons Pte. Ltd.,5,4,1,1,SG
16125,CHERRYSERVERS1-AS,5,3,2,1,LT
201814,MEVSPACE,5,2,1,1,PL
207713,GIR-AS,5,3,2,1,RU
208226,OUIHEBERG,5,4,2,1,FR
211507,"LAIN we love lain, cats and the world wide web",5,4,1,1,DE
212336,BYTEVIRTLLC,5,2,2,1,US
212477,ROYALE-AS,5,4,2,1,NL
213169,AS-CATIXS-AKA,5,4,1,1,GB
214226,WEBENLET-AS,5,1,1,1,HU
215155,HALIL-OMER-TEKIN,5,1,1,1,TR
215224,NOVOSERVE-CUSTOMERS-AS NovoServe Customers ASN,5,1,1,1,NL
215362,PROMO-PLUS,5,2,1,1,RO
215467,SKHRON Skhron OU: skhron.eu,5,2,1,1,EE
215730,H2NEXUS-AS,5,5,3,1,GB
23959,OWL-AS-AP Owl Limited,5,1,2,1,VU
2519,VECTANT ARTERIA Networks Corporation,5,4,2,1,JP
27323,SERVERSTADIUM,5,3,3,1,US
29691,NINE,5,3,5,1,CH
30736,ASERGO-AS,5,4,4,1,DK
30900,WEBWORLD-AS ta Web World Ireland,5,3,3,2,EU IE
3132,Red Cientifica Peruana,5,2,1,1,PE
31708,"COREIX-UK-AS London, Great Britain",5,4,1,1,GB
3236,SERVER server.ua,5,5,5,1,UA
39020,COMVIVE-AS Seville - Spain,5,1,5,1,ES
397735,NETWIRE-INC,5,1,1,1,CA
400587,RYAMER,5,2,2,1,US
41652,SAS-SHPV-FRANCE,5,1,1,1,FR
42473,AS-ANEXIA ANEXIA Internetdienstleistungs GmbH,5,1,1,1,AT
45671,AS45671-NET-AU Wholesale Services Provider,5,3,4,1,AU
48031,XSERVERCLOUD,5,5,5,1,UA
48716,PSKZ-ALA,5,4,1,1,KZ
48753,AVAHOHST,5,2,2,1,MD
4986,INTERSTAR,5,1,1,1,US
56594,CB-BYO-IP,5,1,1,1,NL
59211,ONEASIAHOST OneAsiaHost,5,2,1,1,SG
59711,HZ-EU-AS,5,5,3,1,BG
60404,LITESERVER,5,4,4,1,NL
6461,ZAYO-6461,5,2,2,1,US
7488,CNSERVER-AP-AS CNServer LLC,5,1,1,1,US
7552,VIETEL-AS-AP Viettel Group,5,2,2,1,VN
9198,KAZTELECOM-AS,5,2,2,1,KZ
9312,XTOM xTom,5,2,2,1,HK
9790,TWO-DEGREES-AS-AP Two Degrees Networks Limited,5,2,2,1,NZ
133800,IDNIC-BIZNETGIO-AS-ID PT Biznet Gio Nusantara,4,4,2,1,ID
153393,RACKVOLT-AS-AP RACKVOLT CLOUD SOLUTIONS PRIVATE LIMITED,4,2,1,1,IN
16247,"M247-UK M247 UK Ltd, trading as M247",4,3,3,1,GB
18345,SERVERS-AUS-CUST Servers Australia Customers,4,1,1,1,AU
19318,IS-AS-1,4,2,2,1,US
197071,ACTIVE-SERVERS active-servers.com,4,1,1,1,DE
200019,ALEXHOST,4,4,2,2,CH MD
200740,FIRST-SERVER-EU-AS FIRST-SERVER-US,4,3,2,1,GB
201924,LERTAS-AS,4,2,2,1,SK
206446,CLOUDLEASE,4,1,2,1,IL
207134,PHOENIXNAP-SRB,4,2,1,1,US
210756,EDGECENTERLLC,4,2,1,1,RU
211552,CIVO-UK,4,2,1,1,GB
214279,DASABO,4,4,1,1,EE
214481,WCZAPKOWICZ-AS as214481as-wczapkowicz Chunkserve Backbone Transit,4,4,1,1,PL
215960,HEARTBEAT-IT,4,2,2,1,DE
216300,ABKHAZMEDIA-AS,4,3,1,1,GE
2527,SO-NET Sony Network Communications Inc.,4,4,1,1,JP
30633,LEASEWEB-USA-WDC,4,3,4,1,US
34927,IFOG-GMBH,4,2,1,1,CH
395839,HOSTKEY-USA,4,1,1,1,US
397391,HON-ASN,4,1,1,1,US
43513,NANO-AS,4,2,2,1,LV
47987,DELTAHOST-KYIV,4,4,3,1,UA
49392,ASBAXETN,4,4,1,1,RU
49770,INTERNETPORT-AS,4,2,2,1,SE
50340,SELECTEL-MSK,4,1,1,1,RU
50599,Autonomous System for Dataspace P.S.A.,4,3,1,1,PL
53363,TANGRAM-CANADA-INC,4,2,2,1,CA
53755,IOFLOOD,4,2,2,1,US
59895,BINARYRACKS-AS,4,2,2,1,GB
6057,Administracion Nacional de Telecomunicaciones,4,1,1,1,UY
62874,WEB2OBJECTS,4,1,1,1,US
63150,BAGE,4,1,1,1,US
812,ROGERS-COMMUNICATIONS,4,1,1,1,CA
8881,VERSATEL,4,1,1,1,DE
9294,GNETINC-AS-AP GNET INC.,4,4,1,1,US
9304,HUTCHISON-AS-AP HGC Global Communications Limited,4,1,1,1,HK
10753,LUMEN-LEGACY-L3-CUSTOMER-SHARED-USE,3,1,1,1,US
12322,PROXAD,3,3,1,1,FR
135905,VNPT-AS-VN VIETNAM POSTS AND TELECOMMUNICATIONS GROUP,3,1,1,1,VN
141995,CAPL-AS-AP Contabo Asia Private Limited,3,3,1,1,SG
147176,"NNECL-AS-AP NZ Network Enterprise Co., Ltd.",3,1,1,1,TH
14956,ROUTERHOSTING,3,3,2,1,US
150315,VCL-AS-AP Virtury Cloud Private Limited,3,1,1,1,PK
150623,HOSTPAT-AS-IN HOSTDZIRE WEB SERVICES PRIVATE LIMITED,3,2,1,1,IN
153003,LACHANSO-VN Digital Shield Technology Company Limited,3,1,1,1,VN
16652,RISEUP,3,3,1,1,US
18126,"CTCX Chubu Telecommunications Company, Inc.",3,3,1,1,JP
197075,ACTIVENETWORK-AS Active Network S.p.A.,3,2,2,1,IT
197648,CL8ASN1,3,2,3,1,CY
198610,BEGET-AS,3,3,1,1,RU
199081,LANCOM Athens - Greece,3,1,1,1,GR
202448,MVPS www.mvps.net,3,3,1,1,CY
203003,MAGNA-CAPAX,3,1,1,1,FI
203090,COOPNORGE,3,3,1,1,GB
205090,FIRST-SERVER-EUROPE,3,3,2,1,GB
206991,IXIR,3,2,3,1,TR
209378,INIOS-AS,3,1,2,1,FI
209604,TWO-E-TELEKOM,3,3,1,1,TR
210329,CLOUDWEBMANAGE-UK-1,3,3,2,1,US
21069,ASN-METANET Routingpeering issues: noc@metanet.ch,3,3,1,1,CH
21100,ITLDC-EU,3,3,2,2,NL US
213035,AS-SERVERION Serverion B.V.,3,2,2,1,NL
21409,IKOULA,3,1,1,1,FR
214639,ITM NORD AS,3,2,1,1,NO
215607,DF-TRANSIT,3,1,1,1,DE
216071,VDSINA,3,3,1,1,AE
216280,Banka Kombetare Tregtare Sh.A.,3,1,1,1,AL
23679,NUSANET-AS-ID PT. Media Antar Nusa,3,3,2,1,ID
25693,VIRMACH,3,3,1,1,US
25737,JONE,3,1,1,1,US
272073,SILKGLOBAL DOMINICANA SRL,3,1,1,1,DO
27284,FOURPLEX-ASN,3,2,1,1,US
29550,SIMPLYTRANSIT,3,3,1,1,GB
34224,NETERRA-AS,3,1,1,1,BG
35908,VPLSNET,3,1,1,1,US
36007,KAMATERA,3,3,2,1,US
3786,LGDACOM LG DACOM Corporation,3,1,1,1,KR
400061,IGNERO,3,1,1,1,SG
41378,KIRINONET,3,1,1,1,US
41887,PROLOCATION Prolocation,3,1,1,1,NL
43317,VEESP-AS,3,1,1,1,RU
44259,ULTAHOST-AP-AS,3,2,2,2,IN US
44901,BELCLOUD Premium IP transit network,3,1,1,1,BG
46573,VAULT-HOST,3,2,1,1,US
4713,OCN NTT Communications Corporation,3,3,1,1,JP
55154,MADGEN-01,3,1,1,1,US
56694,SMARTAPE,3,3,2,1,RU
58955,"BANGMODENTERPRISE-TH Bangmod Enterprise Co., Ltd.",3,3,3,1,TH
60117,HS,3,2,1,1,AE
62005,BV-EU-AS,3,3,1,3,ES IT NL
62296,VITALNG,3,1,1,1,US
63989,DE-CORP DE-CORP,3,1,1,1,TH
8254,ROUTE95,3,2,2,1,US
8280,SYNAPSECOM-AS SYNAPSECOM TELECOMS S.A.,3,2,2,1,GR
8473,BAHNHOF,3,3,3,1,SE
9824,"JTCL-JP-AS JCOM Co., Ltd.",3,3,1,1,JP
11117,NUYEK,2,2,1,1,US
132825,MYTEK-AS-AP MYTEK TRADING PTY LTD,2,1,1,1,AU
13335,CLOUDFLARENET,2,2,1,1,US
133481,AIS-FIBRE-AS-AP AIS Fibre,2,2,1,1,TH
135450,IDNIC-BSTI-AS-ID PT Berkah Solusi Teknologi Informasi,2,1,1,1,ID
13649,ASN-FLEXENTIAL,2,2,1,1,US
137373,IDNIC-SUITEN-AS-ID PT. SUITEN INOVASI SUKSES,2,1,2,1,ID
139989,IDNIC-ATHAMEDIANET-AS-ID CV Atha Media Prima,2,1,1,1,ID
14586,NUCLEARFALLOUT-CHI,2,2,2,1,US
14618,AMAZON-AES,2,2,1,1,US
149042,SITCL-AS-AP Silicon Cloud Global US,2,1,1,1,HK
149440,EVOXTENTERPRISE-AS-AP Evoxt Enterprise,2,2,2,1,MY
150423,SERVER-AS-AP Server Galactic Private Limited,2,2,1,1,SG
151858,INTERDIGI-VN INTERDIGI JOINT STOCK COMPANY,2,1,1,1,VN
154177,LIGHT4-AS-AP LIGHT NODE LIMITED,2,2,2,1,HK
15440,BALTNETA Customers AS,2,2,2,1,LT
17243,BYTENODE-AS,2,1,1,1,US
18229,CTRLS-AS-IN CtrlS,2,1,1,1,IN
197537,WISDOM-CLOUD,2,1,1,1,SG
197540,NETCUP-AS netcup GmbH,2,2,2,1,DE
19970,CARRIERDOMAIN-NYC,2,1,1,1,US
199959,CROWNCLOUD,2,2,1,1,AU
200000,UKRAINE-AS,2,2,1,1,UA
200185,XANDMAIL-ASN,2,2,1,1,IT
200736,INALAN,2,1,1,1,GR
201011,CORE-BACKBONE CORE-BACKBONE GMBH GLOBAL NETWORK,2,1,2,1,DE
201323,HOST-MEDIA-LTD,2,1,1,1,GB
201575,WORLDBUS,2,1,1,1,GE
202015,HZ-US-AS,2,2,1,1,BG
204094,I4W,2,2,2,1,PT
205544,LEASEWEB-UK-LON-11,2,2,2,1,GB
205676,DCE,2,1,1,1,TH
206075,HOLLANDER-JACOBSEN,2,2,1,1,DE
207083,HOSTSLIM-GLOBAL-NETWORK,2,2,2,1,EE
207569,I-SERVERS-NORTH-EU to AS51765 announce AS207569,2,2,2,1,GB
207957,SERVHOST-AS,2,2,1,1,GB
208172,PV-HOSTED,2,2,1,1,CH
208208,CYBERSE Cyberse GmbH & Co. KG,2,1,2,1,DE
209630,KREDIT-AS,2,1,1,1,UA
210429,HIZAKURA-,2,2,2,1,NL
211462,GHT-NET,2,2,1,1,RO
212271,C1V Internet Service Provider in Italy,2,1,1,1,IT
212531,INTERNETO-VIZIJA,2,2,2,1,LT
213495,SERVITRO-LTD,2,2,1,1,GB
213520,SENKO-AS Senko Digital Ltd,2,2,1,1,GE
213535,YOTTASRC,2,2,1,1,SA
213929,AS213929CH AS213929.ch,2,2,1,1,CH
214640,HOSTUP HOSTUP,2,2,2,1,SE
21472,SERVERHOUSE,2,1,1,1,GB
215089,FASTPANDA,2,2,2,1,GB
216416,EVOLUS-IX,2,2,1,1,AT
24875,NOVOSERVE-AS,2,1,1,1,NL
24971,MASTER-AS Czech Republic  www.master.cz,2,2,2,1,CZ
2518,BIGLOBE BIGLOBE Inc.,2,2,1,1,JP
25198,ZETSERVERS ZetServers.com - Unmetered Cloud and Dedicated Servers Provider,2,2,1,1,RO
267507,SRX TECNOLOGIA DA INFORMACAO LTDA,2,2,1,1,BR
2864,ALJASKA-AS,2,1,1,1,UA
30671,DATABRIDGE,2,1,1,1,US
31103,KEYWEB-AS,2,2,1,1,DE
32374,NUCLEARFALLOUT-LAX,2,2,2,1,US
328364,Host-Africa-AS,2,1,2,1,ZA
329184,Host-Africa-AS2,2,1,2,1,ZA
33185,HIVE-DATA-CENTER,2,1,1,1,CA
35592,COOLHOUSING-AS Vinohradska 190,2,1,1,1,CZ
3790,RADIOGRAFICA COSTARRICENSE,2,1,2,1,CR
38623,VIETTELCAMBODIA-AS-AP ISPIXP IN CAMBODIA WITH THE BEST VERVICE IN THERE.,2,1,1,1,KH
39326,HSO-GROUP,2,2,2,1,GB
394625,WHITELABELIT,2,1,1,1,US
395092,SHOCK-1,2,2,1,1,US
396426,-Reserved AS-,2,1,1,1,Unknown
39845,LV-2CLOUD-ASN16,2,2,1,1,LV
398493,SYSTEMINPLACE,2,2,1,1,US
399471,AS-SERVERION,2,2,2,1,US
399935,HAYASHIMO,2,1,1,1,US
400175,MICROTRONIX-ESOLUTIONS,2,1,1,1,US
400475,NUCLEARFALLOUT-DAL,2,2,2,1,US
400882,AS-CYBER-DATA,2,1,1,1,US
400992,ZHOUYISAT-COMMUNICATIONS,2,2,1,1,US
401665,HOSTBILBY,2,1,2,1,CA
40994,"ALWYZON Alwyzon, a trading name of Hohl IT e.U.",2,2,2,1,AT
4213,EVOCATIVE-GLOBAL,2,2,2,1,US
43376,DOT,2,1,1,1,RO
46261,QUICKPACKET,2,2,2,1,US
4760,HKTIMS-AP HKT Limited,2,2,2,1,HK
48207,GLBBULUTTEKNOLOJISI-AS,2,2,1,1,TR
48678,TR-PENTECH-AS,2,1,1,1,TR
50053,ANTON-LEVIN-AS,2,2,1,1,KG
50926,AXARNET-AS,2,1,1,1,ES
51159,THINKSYSTEMSUK-ASN,2,2,1,1,GB
52173,MAKONIX,2,2,2,2,LV SE
52469,Offshore Racks S.A,2,1,2,1,PA
56150,VHOST-AS-VN Viet Solutions Services Trading Company Limited,2,2,1,1,VN
5650,FRONTIER-FRTR,2,2,2,1,US
56704,FARICE-AS,2,1,1,1,IS
57043,HOSTKEY-AS,2,2,2,1,NL
59364,VHOST-HOLDINGS-SG vHost Holdings Pte Ltd,2,2,2,1,SG
59491,LIVENET-,2,2,1,1,PL
59741,SINAVPS SinaVPS,2,2,1,1,CH
61046,HZ-UK-AS,2,2,1,1,BG
62214,RACKFOREST-AS,2,2,1,1,HU
6233,XTOM,2,1,1,1,US
62425,KUZEYDC,2,2,2,1,TR
62553,ELCRO-DIGITAL-SERVICES-LLC,2,1,1,1,US
6364,ATLANTIC-NET-1,2,2,3,1,US
7018,ATT-INTERNET4,2,2,2,1,US
7765,KOUMBIT,2,1,1,1,CA
7922,COMCAST-7922,2,2,1,1,US
8888,XTOM xTom Pty Ltd,2,2,1,1,AU
9658,"ETPI-IDS-AS-AP Eastern Telecoms Phils., Inc.",2,2,1,1,PH
9678,HOSTINGINSIDE HostingInside LTD.,2,1,2,1,TW
9891,CSLOX-IDC-AS-AP CS LOXINFO Public Company Limited.,2,1,1,1,TH
10066,GAYANET-AS-KR LG HelloVision Corp.,1,1,1,1,KR
10297,ENET-2,1,1,2,1,US
10929,ESTRUXTURE-QC-10929,1,1,1,1,CA
11232,MIDCO-NET,1,1,1,1,US
12297,TELECOM-ARMENIA Telecom Armenia AS,1,1,1,1,AM
12417,DHH-AS,1,1,1,1,HR
12479,UNI2-AS,1,1,1,1,ES
12735,ASTURKNET,1,1,1,1,TR
12844,BOUYGTEL-B2B,1,1,1,1,FR
12975,PALTEL-AS PALTEL Autonomous System,1,1,1,1,PS
131267,UNITEL-LA Star Telecom,1,1,1,1,LA
132839,POWERLINE-AS-AP POWER LINE DATACENTER,1,1,1,1,HK
133159,MAMMOTHMEDIA-AS-AP Mammoth Media Pty Ltd,1,1,1,1,AU
133210,ENTECHNOLOGIES-AS-AP EN Technologies Pte Ltd,1,1,1,1,SG
133950,HOOPLAHOSTING-AS-AP Hoopla Hosting Limited,1,1,1,1,NZ
136052,IDNIC-IDCLOUDHOST-AS-ID PT Cloud Hosting Indonesia,1,1,1,1,ID
137552,TTSB-AS-AP Terabix,1,1,1,1,MY
138199,TRANSATEL1-AS-AP Transatel,1,1,1,1,SG
140443,IDNIC-HERZA-AS-ID PT Herza Digital Indonesia,1,1,1,1,ID
140787,LAMA-AS-VN LAM A ARCHITECTURE CONSTRUCTION COMPANY LIMITED,1,1,1,1,VN
142064,VERGETEL1-AS-AP VERGETEL,1,1,1,1,AU
14544,RETEK,1,1,1,1,US
15083,INFOLINK-MIA-,1,1,1,1,US
151407,HNSL-AS-AP Hytron Network Services Limited,1,1,1,1,HK
152565,JOYSVC-AS-IN JOY SERVICES,1,1,1,1,IN
154047,IT2-AS-AP IT Nut Hosting,1,1,1,1,BD
154376,CLOUDVALLEY-AS-AP Cloudvalley Sdn. Bhd.,1,1,1,1,MY
15547,NETPLUS,1,1,1,1,CH
16010,MAGTICOMAS Magticom,1,1,1,1,GE
16302,SUOMICOMMUNICATIONS,1,1,1,1,FI
1680,NV-ASN CELLCOM ltd.,1,1,1,1,IL
17356,VERMONT-TELE,1,1,1,1,US
17497,LGHL-AS-AP Liasail Global Hongkong Limited,1,1,1,1,HK
17506,UCOM ARTERIA Networks Corporation,1,1,1,1,JP
17511,OPTAGE OPTAGE Inc.,1,1,1,1,JP
17583,KCNNET-AS-KR Keumgang Cable Network,1,1,1,1,KR
17858,POWERVIS-AS-KR LG POWERCOMM,1,1,1,1,KR
17864,SKB-TBROAD_HANVIT-AS-KR SK Broadband Co Ltd,1,1,1,1,KR
18403,FPT-AS-AP FPT Telecom Company,1,1,1,1,VN
197450,SUNUCUN,1,1,1,1,TR
198203,ASN-ROUTELABEL,1,1,1,1,NL
198588,TUNGSTEN,1,1,1,1,CN
199319,VOICE-NET-AS,1,1,1,1,PL
199404,WHG-IN,1,1,1,1,GB
199653,ARUBAFR-AS,1,1,1,1,IT
200350,YANDEXCLOUD,1,1,1,1,RU
200805,MELITACABLE,1,1,1,1,MT
200899,INTERSPACE-EUROPE,1,1,1,1,MK
202053,UPCLOUD,1,1,1,1,FI
20207,Gigared S.A.,1,1,1,1,AR
202401,WEBHOSTING24-AS Webhosting24 GmbH,1,1,1,1,DE
203156,RELAYIFY-LLC,1,1,1,1,US
203210,SZYBKINET,1,1,1,1,PL
203363,KUROIT Kuroit Limited,1,1,1,1,GB
203380,DAINTERNATIONALGROUP,1,1,1,1,BG
203576,INTERNETBILISIM,1,1,1,1,TR
203647,WORLDBUS,1,1,1,1,GE
203758,AARONSMITH-AS,1,1,1,1,GB
204302,AUTO1-RIPE,1,1,1,1,SE
205053,AWEB-ASN,1,1,1,1,GR
205983,INDE-PTE-EU,1,1,1,1,SG
207108,AHCLOUD,1,1,1,1,GB
207459,AS-TEKNOSOS-INT,1,1,1,1,TR
207590,LOCLIXIT-AS,1,1,1,1,IT
207821,INTERNETBOLAGET-DE,1,1,1,1,DE
207992,FEELB,1,1,1,1,FR
20910,BALTKOM-AS,1,1,1,1,LV
209243,QUICKHOSTUK,1,1,1,1,GB
209874,TECHTIDE,1,1,1,1,PT
210634,YESONGIT,1,1,1,1,CN
210644,AEZA-AS,1,1,1,1,RU
211154,MFBANKA-AS,1,1,1,1,NL
211273,-Reserved AS-,1,1,1,1,AE
211971,GOODHOSTKZ Goodhost.KZ - Hosting provider of Kazakhstan. Dedicated and VDSVPS hosting,1,1,1,1,KZ
212027,PEBBLEHOST,1,1,1,1,GB
213167,CHOCIZ-AS,1,1,1,1,IN
213438,COLOCATEL-INC Colocatel Network - High Bandwidth Dedicated Servers,1,1,1,1,SC
213790,LIMITEDNETWORK-AS,1,1,1,1,GB
213791,XENIAHOSTING,1,1,1,1,IT
213887,WAICORE-LTD WAICORE LTD,1,1,1,1,GB
213900,RS,1,1,1,1,AL
214483,FIBERPOWER-AS,1,1,1,1,US
214505,NUCLEARFALLOUT-FRA,1,1,1,1,US
214668,AXUSHOST,1,1,1,1,NL
214789,NOVA-CLOUD-,1,1,1,1,KZ
214790,BRAINOZA,1,1,1,1,EE
214970,STREADER,1,1,1,1,NL
215052,DINSERVGRO-NET,1,1,1,1,DK
21581,M5HOSTING,1,1,1,1,US
215859,HETZNER-CLOUD4-AS,1,1,1,1,DE
216246,RU-AEZA-AS,1,1,1,1,RU
216382,LAYER,1,1,1,1,AE
216475,NKTELECOM,1,1,1,1,US
22411,GTD PERU S.A,1,1,1,1,PE
23352,SERVERCENTRAL,1,1,1,1,US
23578,SKB-NAMDONGNET-AS-KR SK Broadband Co Ltd,1,1,1,1,KR
23778,"CANET IMIZU CABLE NETWORK CO.,LTD.",1,1,1,1,JP
23884,PROENNET-AS Proen Corp Public Company Limited.,1,1,1,1,TH
23969,TOT-NET TOT Public Company Limited,1,1,1,1,TH
24085,QTSC-AS-VN Quang Trung Software City Development Company,1,1,1,1,VN
24679,SSERV-AS,1,1,1,1,DE
24806,"INTERNET-CZ Ktis 2, 384 03 Ktis",1,1,1,1,CZ
24851,UK-NETCETERA Netcetera Autonomous System Peers,1,1,1,1,IM
2497,IIJ Internet Initiative Japan Inc.,1,1,1,1,JP
26832,RICAWEBSERVICES,1,1,1,1,CA
270013,J AND J SPA INFOFRACTAL,1,1,1,1,CL
27257,WEBAIR-INTERNET,1,1,1,1,US
27879,Informatica y Telecomunicaciones S.A.,1,1,1,1,AR
28099,iHosting Servicios Internet Ltda.,1,1,1,1,CL
28423,Truxgo S. de R.L de C.V,1,1,1,1,MX
29049,DELTA-TELECOM-AS International Communication Operator,1,1,1,1,AZ
29182,RU-JSCIOT,1,1,1,1,RU
29222,INFOMANIAK-AS,1,1,1,1,CH
29447,TIF-AS Iliad Italia S.p.A,1,1,1,1,FR
29485,AMIS,1,1,1,1,HR
29951,SYPTEC-NOC,1,1,1,1,US
30722,VODAFONE-IT-ASN,1,1,1,1,IT
31122,DIGIWEB-AS,1,1,1,1,IE
31863,DACEN-2,1,1,1,1,US
3215,France Telecom - Orange,1,1,1,1,FR
32613,IWEB-AS,1,1,1,1,CA
32751,NUCLEARFALLOUT-SEA,1,1,1,1,US
3281,SIA_2CLOUD,1,1,1,1,LV
328915,MANN-IT-AS,1,1,1,1,ZA
329268,SS7-AS,1,1,1,1,TN
33576,DIG001,1,1,1,1,JM
33915,TNF-AS,1,1,1,1,NL
3399,OBE-NET,1,1,1,1,SE
34533,ESAMARA-AS,1,1,1,1,RU
34971,PDDA-AS,1,1,1,1,NL
35432,CABLENET-AS,1,1,1,1,CY
35661,VIRTUASYS-EU Lift weight. Push bytes. Never drop. Repeat.,1,1,1,1,FR
36114,VERSAWEB-ASN,1,1,1,1,US
36530,FUTURE-LAIN,1,1,1,1,US
37518,FIBERGRID,1,1,1,1,SC
37963,"ALIBABA-CN-NET Hangzhou Alibaba Advertising Co.,Ltd.",1,1,1,1,CN
38001,NEWMEDIAEXPRESS-AS-AP NewMedia Express Pte Ltd,1,1,1,1,SG
3842,RAMNODE,1,1,1,1,US
38673,KCTVNET-AS-KR Korea Cable TV Kwangju Broadcasting,1,1,1,1,KR
38680,CMBHK-AS-KR CMB,1,1,1,1,KR
393458,NUCLEARFALLOUT-ATL,1,1,1,1,US
39347,SELL-AS Orasul Navodari - Primaria Navodari,1,1,1,1,RO
393886,LEASEWEB-USA-MIA,1,1,1,1,US
394065,ESSENSYSINC,1,1,1,1,US
39798,MIVOCLOUD,1,1,1,1,MD
40028,AS40028 - 1651884 Ontario Inc.,1,1,1,1,CA
401263,NUCLEARFALLOUT-NYC,1,1,1,1,US
401443,WAP-AC,1,1,1,1,US
40244,TURNKEY-INTERNET,1,1,1,1,US
41000,FREETHOUGHT-AS,1,1,1,1,GB
41111,AS-GEOHOSTING,1,1,1,1,RO
41349,MVMTECH-AS,1,1,1,1,RU
41608,NEXTGENWEBS-NL,1,1,1,1,ES
41798,TTC-AS JSC Transtelecom,1,1,1,1,KZ
41843,ERTH-OMSK-AS,1,1,1,1,RU
42160,LCPDCO LCP AS dc oostkamp,1,1,1,1,BE
42237,W1N,1,1,1,1,GB
4224,CALYX-AS,1,1,1,1,US
42474,IL,1,1,1,1,EE
42532,VEESP-LV-AS,1,1,1,1,LV
42655,BESTHOSTING-AS,1,1,1,1,UA
43641,SOLLUTIUM-NL,1,1,1,1,PL
44133,IPAX-AS,1,1,1,1,AT
44382,WHITELABEL,1,1,1,1,US
44388,"TOPHOST-MD-AS R.Moldova, Chisinau, Paris 18A",1,1,1,1,MD
44684,MYTHIC Mythic Beasts Ltd,1,1,1,1,GB
44803,WEBDOCK-AS,1,1,1,1,DK
44925,THE-1984-AS,1,1,1,1,IS
45032,FABIT-AS,1,1,1,1,DK
45146,RAJASA-AS-ID-AP PT. Raja Sepadan Abadi,1,1,1,1,ID
45413,SERVENET-AS-TH-AP ServeNET Solution Limited Partnership,1,1,1,1,TH
45731,"ARDH-AS-ID ARDH GLOBAL INDONESIA, PT",1,1,1,1,ID
46015,EXABYTES-AS-AP Exa Bytes Network Sdn.Bhd.,1,1,1,1,MY
4694,IDCF IDC Frontier Inc.,1,1,1,1,JP
47264,LDEX,1,1,1,1,GB
47521,IPHOST .GR IpDomain,1,1,2,1,GR
48314,IP-PROJECTS,1,1,1,1,DE
48327,RAY-AS,1,1,1,1,RU
48347,MTW-AS,1,1,1,1,RU
49334,SH-COM-,1,1,1,1,TR
49372,WICHITA-INTER-KONNECTS-1LL4H,1,1,1,1,GB
49592,PIPE-NET pipehost.net,1,1,1,1,GB
49791,AS-3HCLOUD,1,1,1,1,US
49870,AS49870-BV,1,1,1,1,NL
50183,CENTURY-LTD,1,1,1,1,MH
50837,CLOUDSIGMA-AS,1,1,1,1,CH
51202,NUXOA,1,1,1,1,DE
51519,KARABRO Karabro AB,1,1,1,1,SE
51659,ASBAXET,1,1,1,1,RU
52201,TCTEL,1,1,1,1,RU
52368,ZAM LTDA.,1,1,1,1,CL
5410,BOUYGTEL-ISP,1,1,1,1,FR
5607,BSKYB-BROADBAND-AS,1,1,1,1,GB
5617,TPNET,1,1,1,1,PL
56380,AS-ITFRUIT,1,1,1,1,MD
56803,AS-DATASOURCE,1,1,1,1,CH
57717,FBX-AS,1,1,1,1,NL
58061,SCALAXY-AS,1,1,1,1,LV
58940,DEDAUS-AS-AP Dedicated Servers Australia,1,1,1,1,AU
59432,GINERNET,1,1,1,1,ES
59478,IPSERVICE-AS,1,1,1,1,UA
59615,SERVERUM-AS,1,1,1,1,LV
59815,TRINITY-AS,1,1,1,1,RU
60800,NHL-AS1,1,1,1,1,GB
61211,SETCOR,1,1,1,1,HR
61292,BLXGRP,1,1,1,1,NO
62068,SPECTRAIP SpectraIP B.V.,1,1,1,1,NL
62212,AS62212,1,1,1,1,EE
62217,VOOSERVERS,1,1,1,1,GB
62282,RACKRAY UAB Rakrejus,1,1,1,1,LT
63452,VELOCIHOST,1,1,1,1,US
64080,SYN-UK SYN,1,1,1,1,GB
6428,CDM,1,1,2,1,US
64457,PIPEHOST-AS PIPEHOST,1,1,1,1,AT
6718,NAV NAV Communications,1,1,1,1,RO
701,UUNET,1,1,1,1,US
7489,HOSTUS-GLOBAL-AS HostUS,1,1,1,1,HK
8251,NFX_ZSPO,1,1,1,1,CZ
835,GOCODEIT-EDGE,1,1,1,1,CA
8434,TELENOR-SE Telenor Sverige AB,1,1,1,1,SE
8648,ONE-NETWORK,1,1,1,1,DE
8708,RCS-RDS 73-75 Dr. Staicovici,1,1,1,1,RO
8749,"REDCOM-AS Redcom, Khabarovsk, Russia",1,1,1,1,RU
9038,BAT-AS9038,1,1,1,1,JO
906,DMIT,1,1,1,1,US
9269,HKBN-AS-AP Hong Kong Broadband Network Ltd.,1,1,1,1,HK
9335,CAT-CLOUD-AP CAT Telecom Public Company Limited,1,1,1,1,TH
939,USA-2022,1,1,1,1,US
9605,"DOCOMO NTT DOCOMO, INC.",1,1,1,1,JP
9931,"CAT-AP The Communication Authoity of Thailand, CAT",1,1,1,1,TH
